Id,Genre,Alex,David,Itayi,Louis,Netsai,Tafadzwa,Tinashe,Trevor
alex1,['Alex'],1,0,0,0,0,0,0,0
alex2,['Alex'],1,0,0,0,0,0,0,0
alex3,['Alex'],1,0,0,0,0,0,0,0
alex4,['Alex'],1,0,0,0,0,0,0,0
alex5,['Alex'],1,0,0,0,0,0,0,0
alex6,['Alex'],1,0,0,0,0,0,0,0
alex7,['Alex'],1,0,0,0,0,0,0,0
alex8,['Alex'],1,0,0,0,0,0,0,0
alex9,['Alex'],1,0,0,0,0,0,0,0
alex10,['Alex'],1,0,0,0,0,0,0,0
alex11,['Alex'],1,0,0,0,0,0,0,0
alex12,['Alex'],1,0,0,0,0,0,0,0
alex13,['Alex'],1,0,0,0,0,0,0,0
alex14,['Alex'],1,0,0,0,0,0,0,0
alex15,['Alex'],1,0,0,0,0,0,0,0
alex16,['Alex'],1,0,0,0,0,0,0,0
alex17,['Alex'],1,0,0,0,0,0,0,0
alex18,['Alex'],1,0,0,0,0,0,0,0
alex19,['Alex'],1,0,0,0,0,0,0,0
alex20,['Alex'],1,0,0,0,0,0,0,0
alex21,['Alex'],1,0,0,0,0,0,0,0
alex22,['Alex'],1,0,0,0,0,0,0,0
alex23,['Alex'],1,0,0,0,0,0,0,0
alex24,['Alex'],1,0,0,0,0,0,0,0
alex25,['Alex'],1,0,0,0,0,0,0,0
alex26,['Alex'],1,0,0,0,0,0,0,0
alex27,['Alex'],1,0,0,0,0,0,0,0
alex28,['Alex'],1,0,0,0,0,0,0,0
alex29,['Alex'],1,0,0,0,0,0,0,0
alex30,['Alex'],1,0,0,0,0,0,0,0
alex31,['Alex'],1,0,0,0,0,0,0,0
alex32,['Alex'],1,0,0,0,0,0,0,0
alex33,['Alex'],1,0,0,0,0,0,0,0
alex34,['Alex'],1,0,0,0,0,0,0,0
alex35,['Alex'],1,0,0,0,0,0,0,0
alex36,['Alex'],1,0,0,0,0,0,0,0
alex37,['Alex'],1,0,0,0,0,0,0,0
alex38,['Alex'],1,0,0,0,0,0,0,0
alex39,['Alex'],1,0,0,0,0,0,0,0
alex40,['Alex'],1,0,0,0,0,0,0,0
alex41,['Alex'],1,0,0,0,0,0,0,0
alex42,['Alex'],1,0,0,0,0,0,0,0
alex43,['Alex'],1,0,0,0,0,0,0,0
alex44,['Alex'],1,0,0,0,0,0,0,0
alex45,['Alex'],1,0,0,0,0,0,0,0
alex46,['Alex'],1,0,0,0,0,0,0,0
alex47,['Alex'],1,0,0,0,0,0,0,0
alex48,['Alex'],1,0,0,0,0,0,0,0
alex49,['Alex'],1,0,0,0,0,0,0,0
alex50,['Alex'],1,0,0,0,0,0,0,0
alex51,['Alex'],1,0,0,0,0,0,0,0
alex52,['Alex'],1,0,0,0,0,0,0,0
alex53,['Alex'],1,0,0,0,0,0,0,0
alex54,['Alex'],1,0,0,0,0,0,0,0
alex55,['Alex'],1,0,0,0,0,0,0,0
alex56,['Alex'],1,0,0,0,0,0,0,0
alex57,['Alex'],1,0,0,0,0,0,0,0
alex58,['Alex'],1,0,0,0,0,0,0,0
alex59,['Alex'],1,0,0,0,0,0,0,0
alex60,['Alex'],1,0,0,0,0,0,0,0
alex61,['Alex'],1,0,0,0,0,0,0,0
alex62,['Alex'],1,0,0,0,0,0,0,0
alex63,['Alex'],1,0,0,0,0,0,0,0
alex64,['Alex'],1,0,0,0,0,0,0,0
alex65,['Alex'],1,0,0,0,0,0,0,0
alex66,['Alex'],1,0,0,0,0,0,0,0
alex67,['Alex'],1,0,0,0,0,0,0,0
alex68,['Alex'],1,0,0,0,0,0,0,0
alex69,['Alex'],1,0,0,0,0,0,0,0
alex70,['Alex'],1,0,0,0,0,0,0,0
alex71,['Alex'],1,0,0,0,0,0,0,0
alex72,['Alex'],1,0,0,0,0,0,0,0
alex73,['Alex'],1,0,0,0,0,0,0,0
alex74,['Alex'],1,0,0,0,0,0,0,0
alex75,['Alex'],1,0,0,0,0,0,0,0
alex76,['Alex'],1,0,0,0,0,0,0,0
alex77,['Alex'],1,0,0,0,0,0,0,0
alex78,['Alex'],1,0,0,0,0,0,0,0
alex79,['Alex'],1,0,0,0,0,0,0,0
alex80,['Alex'],1,0,0,0,0,0,0,0
alex81,['Alex'],1,0,0,0,0,0,0,0
alex82,['Alex'],1,0,0,0,0,0,0,0
alex83,['Alex'],1,0,0,0,0,0,0,0
alex84,['Alex'],1,0,0,0,0,0,0,0
alex85,['Alex'],1,0,0,0,0,0,0,0
alex86,['Alex'],1,0,0,0,0,0,0,0
alex87,['Alex'],1,0,0,0,0,0,0,0
alex88,['Alex'],1,0,0,0,0,0,0,0
alex89,['Alex'],1,0,0,0,0,0,0,0
alex90,['Alex'],1,0,0,0,0,0,0,0
alex91,['Alex'],1,0,0,0,0,0,0,0
alex92,['Alex'],1,0,0,0,0,0,0,0
alex93,['Alex'],1,0,0,0,0,0,0,0
alex94,['Alex'],1,0,0,0,0,0,0,0
alex95,['Alex'],1,0,0,0,0,0,0,0
alex96,['Alex'],1,0,0,0,0,0,0,0
david1,['David'],0,1,0,0,0,0,0,0
david2,['David'],0,1,0,0,0,0,0,0
david3,['David'],0,1,0,0,0,0,0,0
david4,['David'],0,1,0,0,0,0,0,0
david5,['David'],0,1,0,0,0,0,0,0
david6,['David'],0,1,0,0,0,0,0,0
david7,['David'],0,1,0,0,0,0,0,0
david8,['David'],0,1,0,0,0,0,0,0
david9,['David'],0,1,0,0,0,0,0,0
david10,['David'],0,1,0,0,0,0,0,0
david11,['David'],0,1,0,0,0,0,0,0
david12,['David'],0,1,0,0,0,0,0,0
david13,['David'],0,1,0,0,0,0,0,0
david14,['David'],0,1,0,0,0,0,0,0
david15,['David'],0,1,0,0,0,0,0,0
david16,['David'],0,1,0,0,0,0,0,0
david17,['David'],0,1,0,0,0,0,0,0
david18,['David'],0,1,0,0,0,0,0,0
david19,['David'],0,1,0,0,0,0,0,0
david20,['David'],0,1,0,0,0,0,0,0
david21,['David'],0,1,0,0,0,0,0,0
david22,['David'],0,1,0,0,0,0,0,0
david23,['David'],0,1,0,0,0,0,0,0
david24,['David'],0,1,0,0,0,0,0,0
david25,['David'],0,1,0,0,0,0,0,0
david26,['David'],0,1,0,0,0,0,0,0
david27,['David'],0,1,0,0,0,0,0,0
david28,['David'],0,1,0,0,0,0,0,0
david29,['David'],0,1,0,0,0,0,0,0
david30,['David'],0,1,0,0,0,0,0,0
david31,['David'],0,1,0,0,0,0,0,0
david32,['David'],0,1,0,0,0,0,0,0
david33,['David'],0,1,0,0,0,0,0,0
david34,['David'],0,1,0,0,0,0,0,0
david35,['David'],0,1,0,0,0,0,0,0
david36,['David'],0,1,0,0,0,0,0,0
david37,['David'],0,1,0,0,0,0,0,0
david38,['David'],0,1,0,0,0,0,0,0
david39,['David'],0,1,0,0,0,0,0,0
david40,['David'],0,1,0,0,0,0,0,0
david41,['David'],0,1,0,0,0,0,0,0
david42,['David'],0,1,0,0,0,0,0,0
david43,['David'],0,1,0,0,0,0,0,0
david44,['David'],0,1,0,0,0,0,0,0
david45,['David'],0,1,0,0,0,0,0,0
david46,['David'],0,1,0,0,0,0,0,0
david47,['David'],0,1,0,0,0,0,0,0
david48,['David'],0,1,0,0,0,0,0,0
david49,['David'],0,1,0,0,0,0,0,0
david50,['David'],0,1,0,0,0,0,0,0
david51,['David'],0,1,0,0,0,0,0,0
david52,['David'],0,1,0,0,0,0,0,0
david53,['David'],0,1,0,0,0,0,0,0
david54,['David'],0,1,0,0,0,0,0,0
david55,['David'],0,1,0,0,0,0,0,0
david56,['David'],0,1,0,0,0,0,0,0
david57,['David'],0,1,0,0,0,0,0,0
david58,['David'],0,1,0,0,0,0,0,0
david59,['David'],0,1,0,0,0,0,0,0
david60,['David'],0,1,0,0,0,0,0,0
david61,['David'],0,1,0,0,0,0,0,0
david62,['David'],0,1,0,0,0,0,0,0
david63,['David'],0,1,0,0,0,0,0,0
david64,['David'],0,1,0,0,0,0,0,0
david65,['David'],0,1,0,0,0,0,0,0
david66,['David'],0,1,0,0,0,0,0,0
david67,['David'],0,1,0,0,0,0,0,0
david68,['David'],0,1,0,0,0,0,0,0
david69,['David'],0,1,0,0,0,0,0,0
david70,['David'],0,1,0,0,0,0,0,0
david71,['David'],0,1,0,0,0,0,0,0
david72,['David'],0,1,0,0,0,0,0,0
david73,['David'],0,1,0,0,0,0,0,0
david74,['David'],0,1,0,0,0,0,0,0
david75,['David'],0,1,0,0,0,0,0,0
david76,['David'],0,1,0,0,0,0,0,0
david77,['David'],0,1,0,0,0,0,0,0
david78,['David'],0,1,0,0,0,0,0,0
david79,['David'],0,1,0,0,0,0,0,0
david80,['David'],0,1,0,0,0,0,0,0
david81,['David'],0,1,0,0,0,0,0,0
david82,['David'],0,1,0,0,0,0,0,0
david83,['David'],0,1,0,0,0,0,0,0
david84,['David'],0,1,0,0,0,0,0,0
david85,['David'],0,1,0,0,0,0,0,0
david86,['David'],0,1,0,0,0,0,0,0
david87,['David'],0,1,0,0,0,0,0,0
david88,['David'],0,1,0,0,0,0,0,0
david89,['David'],0,1,0,0,0,0,0,0
david90,['David'],0,1,0,0,0,0,0,0
david91,['David'],0,1,0,0,0,0,0,0
david92,['David'],0,1,0,0,0,0,0,0
david93,['David'],0,1,0,0,0,0,0,0
david94,['David'],0,1,0,0,0,0,0,0
david95,['David'],0,1,0,0,0,0,0,0
david96,['David'],0,1,0,0,0,0,0,0
david97,['David'],0,1,0,0,0,0,0,0
david98,['David'],0,1,0,0,0,0,0,0
david99,['David'],0,1,0,0,0,0,0,0
david100,['David'],0,1,0,0,0,0,0,0
david101,['David'],0,1,0,0,0,0,0,0
david102,['David'],0,1,0,0,0,0,0,0
david103,['David'],0,1,0,0,0,0,0,0
david104,['David'],0,1,0,0,0,0,0,0
david105,['David'],0,1,0,0,0,0,0,0
david106,['David'],0,1,0,0,0,0,0,0
david107,['David'],0,1,0,0,0,0,0,0
david108,['David'],0,1,0,0,0,0,0,0
david109,['David'],0,1,0,0,0,0,0,0
david110,['David'],0,1,0,0,0,0,0,0
david111,['David'],0,1,0,0,0,0,0,0
david112,['David'],0,1,0,0,0,0,0,0
david113,['David'],0,1,0,0,0,0,0,0
david114,['David'],0,1,0,0,0,0,0,0
david115,['David'],0,1,0,0,0,0,0,0
david116,['David'],0,1,0,0,0,0,0,0
david117,['David'],0,1,0,0,0,0,0,0
david118,['David'],0,1,0,0,0,0,0,0
david119,['David'],0,1,0,0,0,0,0,0
david120,['David'],0,1,0,0,0,0,0,0
david121,['David'],0,1,0,0,0,0,0,0
david122,['David'],0,1,0,0,0,0,0,0
david123,['David'],0,1,0,0,0,0,0,0
david124,['David'],0,1,0,0,0,0,0,0
david125,['David'],0,1,0,0,0,0,0,0
david126,['David'],0,1,0,0,0,0,0,0
david127,['David'],0,1,0,0,0,0,0,0
david128,['David'],0,1,0,0,0,0,0,0
david129,['David'],0,1,0,0,0,0,0,0
david130,['David'],0,1,0,0,0,0,0,0
david131,['David'],0,1,0,0,0,0,0,0
david132,['David'],0,1,0,0,0,0,0,0
david133,['David'],0,1,0,0,0,0,0,0
david134,['David'],0,1,0,0,0,0,0,0
david135,['David'],0,1,0,0,0,0,0,0
david136,['David'],0,1,0,0,0,0,0,0
david137,['David'],0,1,0,0,0,0,0,0
david138,['David'],0,1,0,0,0,0,0,0
david139,['David'],0,1,0,0,0,0,0,0
david140,['David'],0,1,0,0,0,0,0,0
david141,['David'],0,1,0,0,0,0,0,0
david142,['David'],0,1,0,0,0,0,0,0
david143,['David'],0,1,0,0,0,0,0,0
david144,['David'],0,1,0,0,0,0,0,0
david145,['David'],0,1,0,0,0,0,0,0
david146,['David'],0,1,0,0,0,0,0,0
david147,['David'],0,1,0,0,0,0,0,0
david148,['David'],0,1,0,0,0,0,0,0
david149,['David'],0,1,0,0,0,0,0,0
david150,['David'],0,1,0,0,0,0,0,0
david151,['David'],0,1,0,0,0,0,0,0
david152,['David'],0,1,0,0,0,0,0,0
david153,['David'],0,1,0,0,0,0,0,0
david154,['David'],0,1,0,0,0,0,0,0
david155,['David'],0,1,0,0,0,0,0,0
david156,['David'],0,1,0,0,0,0,0,0
david157,['David'],0,1,0,0,0,0,0,0
david158,['David'],0,1,0,0,0,0,0,0
david159,['David'],0,1,0,0,0,0,0,0
david160,['David'],0,1,0,0,0,0,0,0
david161,['David'],0,1,0,0,0,0,0,0
david162,['David'],0,1,0,0,0,0,0,0
david163,['David'],0,1,0,0,0,0,0,0
david164,['David'],0,1,0,0,0,0,0,0
david165,['David'],0,1,0,0,0,0,0,0
david166,['David'],0,1,0,0,0,0,0,0
david167,['David'],0,1,0,0,0,0,0,0
david168,['David'],0,1,0,0,0,0,0,0
david169,['David'],0,1,0,0,0,0,0,0
david170,['David'],0,1,0,0,0,0,0,0
david171,['David'],0,1,0,0,0,0,0,0
david172,['David'],0,1,0,0,0,0,0,0
david173,['David'],0,1,0,0,0,0,0,0
david174,['David'],0,1,0,0,0,0,0,0
david175,['David'],0,1,0,0,0,0,0,0
david176,['David'],0,1,0,0,0,0,0,0
david177,['David'],0,1,0,0,0,0,0,0
david178,['David'],0,1,0,0,0,0,0,0
itayi1,['Itayi'],0,0,1,0,0,0,0,0
itayi2,['Itayi'],0,0,1,0,0,0,0,0
itayi3,['Itayi'],0,0,1,0,0,0,0,0
itayi4,['Itayi'],0,0,1,0,0,0,0,0
itayi5,['Itayi'],0,0,1,0,0,0,0,0
itayi6,['Itayi'],0,0,1,0,0,0,0,0
itayi7,['Itayi'],0,0,1,0,0,0,0,0
itayi8,['Itayi'],0,0,1,0,0,0,0,0
itayi9,['Itayi'],0,0,1,0,0,0,0,0
itayi10,['Itayi'],0,0,1,0,0,0,0,0
itayi11,['Itayi'],0,0,1,0,0,0,0,0
itayi12,['Itayi'],0,0,1,0,0,0,0,0
itayi13,['Itayi'],0,0,1,0,0,0,0,0
itayi14,['Itayi'],0,0,1,0,0,0,0,0
itayi15,['Itayi'],0,0,1,0,0,0,0,0
itayi16,['Itayi'],0,0,1,0,0,0,0,0
itayi17,['Itayi'],0,0,1,0,0,0,0,0
itayi18,['Itayi'],0,0,1,0,0,0,0,0
itayi19,['Itayi'],0,0,1,0,0,0,0,0
itayi20,['Itayi'],0,0,1,0,0,0,0,0
itayi21,['Itayi'],0,0,1,0,0,0,0,0
itayi22,['Itayi'],0,0,1,0,0,0,0,0
itayi23,['Itayi'],0,0,1,0,0,0,0,0
itayi24,['Itayi'],0,0,1,0,0,0,0,0
itayi25,['Itayi'],0,0,1,0,0,0,0,0
itayi26,['Itayi'],0,0,1,0,0,0,0,0
itayi27,['Itayi'],0,0,1,0,0,0,0,0
itayi28,['Itayi'],0,0,1,0,0,0,0,0
itayi29,['Itayi'],0,0,1,0,0,0,0,0
itayi30,['Itayi'],0,0,1,0,0,0,0,0
itayi31,['Itayi'],0,0,1,0,0,0,0,0
itayi32,['Itayi'],0,0,1,0,0,0,0,0
itayi33,['Itayi'],0,0,1,0,0,0,0,0
itayi34,['Itayi'],0,0,1,0,0,0,0,0
itayi35,['Itayi'],0,0,1,0,0,0,0,0
itayi36,['Itayi'],0,0,1,0,0,0,0,0
itayi37,['Itayi'],0,0,1,0,0,0,0,0
itayi38,['Itayi'],0,0,1,0,0,0,0,0
itayi39,['Itayi'],0,0,1,0,0,0,0,0
itayi40,['Itayi'],0,0,1,0,0,0,0,0
itayi41,['Itayi'],0,0,1,0,0,0,0,0
itayi42,['Itayi'],0,0,1,0,0,0,0,0
itayi43,['Itayi'],0,0,1,0,0,0,0,0
itayi44,['Itayi'],0,0,1,0,0,0,0,0
itayi45,['Itayi'],0,0,1,0,0,0,0,0
itayi46,['Itayi'],0,0,1,0,0,0,0,0
itayi47,['Itayi'],0,0,1,0,0,0,0,0
itayi48,['Itayi'],0,0,1,0,0,0,0,0
itayi49,['Itayi'],0,0,1,0,0,0,0,0
itayi50,['Itayi'],0,0,1,0,0,0,0,0
itayi51,['Itayi'],0,0,1,0,0,0,0,0
itayi52,['Itayi'],0,0,1,0,0,0,0,0
itayi53,['Itayi'],0,0,1,0,0,0,0,0
itayi54,['Itayi'],0,0,1,0,0,0,0,0
itayi55,['Itayi'],0,0,1,0,0,0,0,0
itayi56,['Itayi'],0,0,1,0,0,0,0,0
itayi57,['Itayi'],0,0,1,0,0,0,0,0
louis1,['Louis'],0,0,0,1,0,0,0,0
louis2,['Louis'],0,0,0,1,0,0,0,0
louis3,['Louis'],0,0,0,1,0,0,0,0
louis4,['Louis'],0,0,0,1,0,0,0,0
louis5,['Louis'],0,0,0,1,0,0,0,0
louis6,['Louis'],0,0,0,1,0,0,0,0
louis7,['Louis'],0,0,0,1,0,0,0,0
louis8,['Louis'],0,0,0,1,0,0,0,0
louis9,['Louis'],0,0,0,1,0,0,0,0
louis10,['Louis'],0,0,0,1,0,0,0,0
louis11,['Louis'],0,0,0,1,0,0,0,0
louis12,['Louis'],0,0,0,1,0,0,0,0
louis13,['Louis'],0,0,0,1,0,0,0,0
louis14,['Louis'],0,0,0,1,0,0,0,0
louis15,['Louis'],0,0,0,1,0,0,0,0
louis16,['Louis'],0,0,0,1,0,0,0,0
louis17,['Louis'],0,0,0,1,0,0,0,0
louis18,['Louis'],0,0,0,1,0,0,0,0
louis19,['Louis'],0,0,0,1,0,0,0,0
louis20,['Louis'],0,0,0,1,0,0,0,0
louis21,['Louis'],0,0,0,1,0,0,0,0
louis22,['Louis'],0,0,0,1,0,0,0,0
louis23,['Louis'],0,0,0,1,0,0,0,0
louis24,['Louis'],0,0,0,1,0,0,0,0
louis25,['Louis'],0,0,0,1,0,0,0,0
louis26,['Louis'],0,0,0,1,0,0,0,0
louis27,['Louis'],0,0,0,1,0,0,0,0
louis28,['Louis'],0,0,0,1,0,0,0,0
louis29,['Louis'],0,0,0,1,0,0,0,0
louis30,['Louis'],0,0,0,1,0,0,0,0
louis31,['Louis'],0,0,0,1,0,0,0,0
louis32,['Louis'],0,0,0,1,0,0,0,0
louis33,['Louis'],0,0,0,1,0,0,0,0
louis34,['Louis'],0,0,0,1,0,0,0,0
louis35,['Louis'],0,0,0,1,0,0,0,0
louis36,['Louis'],0,0,0,1,0,0,0,0
louis37,['Louis'],0,0,0,1,0,0,0,0
louis38,['Louis'],0,0,0,1,0,0,0,0
louis39,['Louis'],0,0,0,1,0,0,0,0
louis40,['Louis'],0,0,0,1,0,0,0,0
louis41,['Louis'],0,0,0,1,0,0,0,0
louis42,['Louis'],0,0,0,1,0,0,0,0
louis43,['Louis'],0,0,0,1,0,0,0,0
louis44,['Louis'],0,0,0,1,0,0,0,0
louis45,['Louis'],0,0,0,1,0,0,0,0
louis46,['Louis'],0,0,0,1,0,0,0,0
louis47,['Louis'],0,0,0,1,0,0,0,0
louis48,['Louis'],0,0,0,1,0,0,0,0
louis49,['Louis'],0,0,0,1,0,0,0,0
louis50,['Louis'],0,0,0,1,0,0,0,0
louis51,['Louis'],0,0,0,1,0,0,0,0
louis52,['Louis'],0,0,0,1,0,0,0,0
louis53,['Louis'],0,0,0,1,0,0,0,0
louis54,['Louis'],0,0,0,1,0,0,0,0
louis55,['Louis'],0,0,0,1,0,0,0,0
louis56,['Louis'],0,0,0,1,0,0,0,0
louis57,['Louis'],0,0,0,1,0,0,0,0
louis58,['Louis'],0,0,0,1,0,0,0,0
louis59,['Louis'],0,0,0,1,0,0,0,0
louis60,['Louis'],0,0,0,1,0,0,0,0
louis61,['Louis'],0,0,0,1,0,0,0,0
louis62,['Louis'],0,0,0,1,0,0,0,0
louis63,['Louis'],0,0,0,1,0,0,0,0
louis64,['Louis'],0,0,0,1,0,0,0,0
louis65,['Louis'],0,0,0,1,0,0,0,0
louis66,['Louis'],0,0,0,1,0,0,0,0
louis67,['Louis'],0,0,0,1,0,0,0,0
louis68,['Louis'],0,0,0,1,0,0,0,0
louis69,['Louis'],0,0,0,1,0,0,0,0
louis70,['Louis'],0,0,0,1,0,0,0,0
louis71,['Louis'],0,0,0,1,0,0,0,0
louis72,['Louis'],0,0,0,1,0,0,0,0
louis73,['Louis'],0,0,0,1,0,0,0,0
louis74,['Louis'],0,0,0,1,0,0,0,0
louis75,['Louis'],0,0,0,1,0,0,0,0
louis76,['Louis'],0,0,0,1,0,0,0,0
louis77,['Louis'],0,0,0,1,0,0,0,0
louis78,['Louis'],0,0,0,1,0,0,0,0
louis79,['Louis'],0,0,0,1,0,0,0,0
louis80,['Louis'],0,0,0,1,0,0,0,0
louis81,['Louis'],0,0,0,1,0,0,0,0
louis82,['Louis'],0,0,0,1,0,0,0,0
louis83,['Louis'],0,0,0,1,0,0,0,0
louis84,['Louis'],0,0,0,1,0,0,0,0
louis85,['Louis'],0,0,0,1,0,0,0,0
louis86,['Louis'],0,0,0,1,0,0,0,0
louis87,['Louis'],0,0,0,1,0,0,0,0
louis88,['Louis'],0,0,0,1,0,0,0,0
louis89,['Louis'],0,0,0,1,0,0,0,0
louis90,['Louis'],0,0,0,1,0,0,0,0
louis91,['Louis'],0,0,0,1,0,0,0,0
louis92,['Louis'],0,0,0,1,0,0,0,0
louis93,['Louis'],0,0,0,1,0,0,0,0
louis94,['Louis'],0,0,0,1,0,0,0,0
louis95,['Louis'],0,0,0,1,0,0,0,0
louis96,['Louis'],0,0,0,1,0,0,0,0
louis97,['Louis'],0,0,0,1,0,0,0,0
louis98,['Louis'],0,0,0,1,0,0,0,0
louis99,['Louis'],0,0,0,1,0,0,0,0
louis100,['Louis'],0,0,0,1,0,0,0,0
louis101,['Louis'],0,0,0,1,0,0,0,0
louis102,['Louis'],0,0,0,1,0,0,0,0
louis103,['Louis'],0,0,0,1,0,0,0,0
louis104,['Louis'],0,0,0,1,0,0,0,0
louis105,['Louis'],0,0,0,1,0,0,0,0
louis106,['Louis'],0,0,0,1,0,0,0,0
louis107,['Louis'],0,0,0,1,0,0,0,0
louis108,['Louis'],0,0,0,1,0,0,0,0
louis109,['Louis'],0,0,0,1,0,0,0,0
louis110,['Louis'],0,0,0,1,0,0,0,0
louis111,['Louis'],0,0,0,1,0,0,0,0
louis112,['Louis'],0,0,0,1,0,0,0,0
louis113,['Louis'],0,0,0,1,0,0,0,0
louis114,['Louis'],0,0,0,1,0,0,0,0
louis115,['Louis'],0,0,0,1,0,0,0,0
louis116,['Louis'],0,0,0,1,0,0,0,0
louis117,['Louis'],0,0,0,1,0,0,0,0
louis118,['Louis'],0,0,0,1,0,0,0,0
louis119,['Louis'],0,0,0,1,0,0,0,0
louis120,['Louis'],0,0,0,1,0,0,0,0
louis121,['Louis'],0,0,0,1,0,0,0,0
louis122,['Louis'],0,0,0,1,0,0,0,0
louis123,['Louis'],0,0,0,1,0,0,0,0
louis124,['Louis'],0,0,0,1,0,0,0,0
louis125,['Louis'],0,0,0,1,0,0,0,0
louis126,['Louis'],0,0,0,1,0,0,0,0
louis127,['Louis'],0,0,0,1,0,0,0,0
louis128,['Louis'],0,0,0,1,0,0,0,0
louis129,['Louis'],0,0,0,1,0,0,0,0
louis130,['Louis'],0,0,0,1,0,0,0,0
louis131,['Louis'],0,0,0,1,0,0,0,0
louis132,['Louis'],0,0,0,1,0,0,0,0
louis133,['Louis'],0,0,0,1,0,0,0,0
louis134,['Louis'],0,0,0,1,0,0,0,0
louis135,['Louis'],0,0,0,1,0,0,0,0
louis136,['Louis'],0,0,0,1,0,0,0,0
louis137,['Louis'],0,0,0,1,0,0,0,0
louis138,['Louis'],0,0,0,1,0,0,0,0
louis139,['Louis'],0,0,0,1,0,0,0,0
louis140,['Louis'],0,0,0,1,0,0,0,0
louis141,['Louis'],0,0,0,1,0,0,0,0
louis142,['Louis'],0,0,0,1,0,0,0,0
louis143,['Louis'],0,0,0,1,0,0,0,0
louis144,['Louis'],0,0,0,1,0,0,0,0
louis145,['Louis'],0,0,0,1,0,0,0,0
louis146,['Louis'],0,0,0,1,0,0,0,0
louis147,['Louis'],0,0,0,1,0,0,0,0
louis148,['Louis'],0,0,0,1,0,0,0,0
louis149,['Louis'],0,0,0,1,0,0,0,0
louis150,['Louis'],0,0,0,1,0,0,0,0
louis151,['Louis'],0,0,0,1,0,0,0,0
louis152,['Louis'],0,0,0,1,0,0,0,0
louis153,['Louis'],0,0,0,1,0,0,0,0
louis154,['Louis'],0,0,0,1,0,0,0,0
louis155,['Louis'],0,0,0,1,0,0,0,0
louis156,['Louis'],0,0,0,1,0,0,0,0
louis157,['Louis'],0,0,0,1,0,0,0,0
louis158,['Louis'],0,0,0,1,0,0,0,0
louis159,['Louis'],0,0,0,1,0,0,0,0
louis160,['Louis'],0,0,0,1,0,0,0,0
louis161,['Louis'],0,0,0,1,0,0,0,0
louis162,['Louis'],0,0,0,1,0,0,0,0
louis163,['Louis'],0,0,0,1,0,0,0,0
louis164,['Louis'],0,0,0,1,0,0,0,0
louis165,['Louis'],0,0,0,1,0,0,0,0
louis166,['Louis'],0,0,0,1,0,0,0,0
louis167,['Louis'],0,0,0,1,0,0,0,0
louis168,['Louis'],0,0,0,1,0,0,0,0
louis169,['Louis'],0,0,0,1,0,0,0,0
louis170,['Louis'],0,0,0,1,0,0,0,0
louis171,['Louis'],0,0,0,1,0,0,0,0
louis172,['Louis'],0,0,0,1,0,0,0,0
louis173,['Louis'],0,0,0,1,0,0,0,0
louis174,['Louis'],0,0,0,1,0,0,0,0
louis175,['Louis'],0,0,0,1,0,0,0,0
louis176,['Louis'],0,0,0,1,0,0,0,0
louis177,['Louis'],0,0,0,1,0,0,0,0
louis178,['Louis'],0,0,0,1,0,0,0,0
louis179,['Louis'],0,0,0,1,0,0,0,0
louis180,['Louis'],0,0,0,1,0,0,0,0
louis181,['Louis'],0,0,0,1,0,0,0,0
louis182,['Louis'],0,0,0,1,0,0,0,0
louis183,['Louis'],0,0,0,1,0,0,0,0
louis184,['Louis'],0,0,0,1,0,0,0,0
louis185,['Louis'],0,0,0,1,0,0,0,0
louis186,['Louis'],0,0,0,1,0,0,0,0
louis187,['Louis'],0,0,0,1,0,0,0,0
louis188,['Louis'],0,0,0,1,0,0,0,0
louis189,['Louis'],0,0,0,1,0,0,0,0
louis190,['Louis'],0,0,0,1,0,0,0,0
louis191,['Louis'],0,0,0,1,0,0,0,0
louis192,['Louis'],0,0,0,1,0,0,0,0
louis193,['Louis'],0,0,0,1,0,0,0,0
louis194,['Louis'],0,0,0,1,0,0,0,0
louis195,['Louis'],0,0,0,1,0,0,0,0
louis196,['Louis'],0,0,0,1,0,0,0,0
louis197,['Louis'],0,0,0,1,0,0,0,0
netsai1,['Netsai'],0,0,0,0,1,0,0,0
netsai2,['Netsai'],0,0,0,0,1,0,0,0
netsai3,['Netsai'],0,0,0,0,1,0,0,0
netsai4,['Netsai'],0,0,0,0,1,0,0,0
netsai5,['Netsai'],0,0,0,0,1,0,0,0
netsai6,['Netsai'],0,0,0,0,1,0,0,0
netsai7,['Netsai'],0,0,0,0,1,0,0,0
netsai8,['Netsai'],0,0,0,0,1,0,0,0
netsai9,['Netsai'],0,0,0,0,1,0,0,0
netsai10,['Netsai'],0,0,0,0,1,0,0,0
netsai11,['Netsai'],0,0,0,0,1,0,0,0
netsai12,['Netsai'],0,0,0,0,1,0,0,0
netsai13,['Netsai'],0,0,0,0,1,0,0,0
netsai14,['Netsai'],0,0,0,0,1,0,0,0
netsai15,['Netsai'],0,0,0,0,1,0,0,0
netsai16,['Netsai'],0,0,0,0,1,0,0,0
netsai17,['Netsai'],0,0,0,0,1,0,0,0
netsai18,['Netsai'],0,0,0,0,1,0,0,0
netsai19,['Netsai'],0,0,0,0,1,0,0,0
netsai20,['Netsai'],0,0,0,0,1,0,0,0
netsai21,['Netsai'],0,0,0,0,1,0,0,0
netsai22,['Netsai'],0,0,0,0,1,0,0,0
netsai23,['Netsai'],0,0,0,0,1,0,0,0
netsai24,['Netsai'],0,0,0,0,1,0,0,0
netsai25,['Netsai'],0,0,0,0,1,0,0,0
netsai26,['Netsai'],0,0,0,0,1,0,0,0
netsai27,['Netsai'],0,0,0,0,1,0,0,0
netsai28,['Netsai'],0,0,0,0,1,0,0,0
netsai29,['Netsai'],0,0,0,0,1,0,0,0
netsai30,['Netsai'],0,0,0,0,1,0,0,0
netsai31,['Netsai'],0,0,0,0,1,0,0,0
netsai32,['Netsai'],0,0,0,0,1,0,0,0
netsai33,['Netsai'],0,0,0,0,1,0,0,0
netsai34,['Netsai'],0,0,0,0,1,0,0,0
netsai35,['Netsai'],0,0,0,0,1,0,0,0
netsai36,['Netsai'],0,0,0,0,1,0,0,0
netsai37,['Netsai'],0,0,0,0,1,0,0,0
netsai38,['Netsai'],0,0,0,0,1,0,0,0
netsai39,['Netsai'],0,0,0,0,1,0,0,0
netsai40,['Netsai'],0,0,0,0,1,0,0,0
netsai41,['Netsai'],0,0,0,0,1,0,0,0
netsai42,['Netsai'],0,0,0,0,1,0,0,0
netsai43,['Netsai'],0,0,0,0,1,0,0,0
netsai44,['Netsai'],0,0,0,0,1,0,0,0
netsai45,['Netsai'],0,0,0,0,1,0,0,0
netsai46,['Netsai'],0,0,0,0,1,0,0,0
netsai47,['Netsai'],0,0,0,0,1,0,0,0
netsai48,['Netsai'],0,0,0,0,1,0,0,0
netsai49,['Netsai'],0,0,0,0,1,0,0,0
netsai50,['Netsai'],0,0,0,0,1,0,0,0
netsai51,['Netsai'],0,0,0,0,1,0,0,0
netsai52,['Netsai'],0,0,0,0,1,0,0,0
netsai53,['Netsai'],0,0,0,0,1,0,0,0
netsai54,['Netsai'],0,0,0,0,1,0,0,0
netsai55,['Netsai'],0,0,0,0,1,0,0,0
netsai56,['Netsai'],0,0,0,0,1,0,0,0
netsai57,['Netsai'],0,0,0,0,1,0,0,0
netsai58,['Netsai'],0,0,0,0,1,0,0,0
netsai59,['Netsai'],0,0,0,0,1,0,0,0
netsai60,['Netsai'],0,0,0,0,1,0,0,0
netsai61,['Netsai'],0,0,0,0,1,0,0,0
netsai62,['Netsai'],0,0,0,0,1,0,0,0
netsai63,['Netsai'],0,0,0,0,1,0,0,0
netsai64,['Netsai'],0,0,0,0,1,0,0,0
netsai65,['Netsai'],0,0,0,0,1,0,0,0
netsai66,['Netsai'],0,0,0,0,1,0,0,0
netsai67,['Netsai'],0,0,0,0,1,0,0,0
netsai68,['Netsai'],0,0,0,0,1,0,0,0
netsai69,['Netsai'],0,0,0,0,1,0,0,0
netsai70,['Netsai'],0,0,0,0,1,0,0,0
netsai71,['Netsai'],0,0,0,0,1,0,0,0
netsai72,['Netsai'],0,0,0,0,1,0,0,0
netsai73,['Netsai'],0,0,0,0,1,0,0,0
netsai74,['Netsai'],0,0,0,0,1,0,0,0
netsai75,['Netsai'],0,0,0,0,1,0,0,0
netsai76,['Netsai'],0,0,0,0,1,0,0,0
netsai77,['Netsai'],0,0,0,0,1,0,0,0
netsai78,['Netsai'],0,0,0,0,1,0,0,0
netsai79,['Netsai'],0,0,0,0,1,0,0,0
netsai80,['Netsai'],0,0,0,0,1,0,0,0
netsai81,['Netsai'],0,0,0,0,1,0,0,0
netsai82,['Netsai'],0,0,0,0,1,0,0,0
netsai83,['Netsai'],0,0,0,0,1,0,0,0
netsai84,['Netsai'],0,0,0,0,1,0,0,0
netsai85,['Netsai'],0,0,0,0,1,0,0,0
netsai86,['Netsai'],0,0,0,0,1,0,0,0
netsai87,['Netsai'],0,0,0,0,1,0,0,0
netsai88,['Netsai'],0,0,0,0,1,0,0,0
netsai89,['Netsai'],0,0,0,0,1,0,0,0
netsai90,['Netsai'],0,0,0,0,1,0,0,0
netsai91,['Netsai'],0,0,0,0,1,0,0,0
netsai92,['Netsai'],0,0,0,0,1,0,0,0
netsai93,['Netsai'],0,0,0,0,1,0,0,0
netsai94,['Netsai'],0,0,0,0,1,0,0,0
netsai95,['Netsai'],0,0,0,0,1,0,0,0
netsai96,['Netsai'],0,0,0,0,1,0,0,0
netsai97,['Netsai'],0,0,0,0,1,0,0,0
netsai98,['Netsai'],0,0,0,0,1,0,0,0
netsai99,['Netsai'],0,0,0,0,1,0,0,0
netsai100,['Netsai'],0,0,0,0,1,0,0,0
tafadzwa1,['Tafadzwa'],0,0,0,0,0,1,0,0
tafadzwa2,['Tafadzwa'],0,0,0,0,0,1,0,0
tafadzwa3,['Tafadzwa'],0,0,0,0,0,1,0,0
tafadzwa4,['Tafadzwa'],0,0,0,0,0,1,0,0
tafadzwa5,['Tafadzwa'],0,0,0,0,0,1,0,0
tafadzwa6,['Tafadzwa'],0,0,0,0,0,1,0,0
tafadzwa7,['Tafadzwa'],0,0,0,0,0,1,0,0
tafadzwa8,['Tafadzwa'],0,0,0,0,0,1,0,0
tafadzwa9,['Tafadzwa'],0,0,0,0,0,1,0,0
tafadzwa10,['Tafadzwa'],0,0,0,0,0,1,0,0
tafadzwa11,['Tafadzwa'],0,0,0,0,0,1,0,0
tafadzwa12,['Tafadzwa'],0,0,0,0,0,1,0,0
tafadzwa13,['Tafadzwa'],0,0,0,0,0,1,0,0
tafadzwa14,['Tafadzwa'],0,0,0,0,0,1,0,0
tafadzwa15,['Tafadzwa'],0,0,0,0,0,1,0,0
tafadzwa16,['Tafadzwa'],0,0,0,0,0,1,0,0
tafadzwa17,['Tafadzwa'],0,0,0,0,0,1,0,0
tafadzwa18,['Tafadzwa'],0,0,0,0,0,1,0,0
tafadzwa19,['Tafadzwa'],0,0,0,0,0,1,0,0
tafadzwa20,['Tafadzwa'],0,0,0,0,0,1,0,0
tafadzwa21,['Tafadzwa'],0,0,0,0,0,1,0,0
tafadzwa22,['Tafadzwa'],0,0,0,0,0,1,0,0
tafadzwa23,['Tafadzwa'],0,0,0,0,0,1,0,0
tafadzwa24,['Tafadzwa'],0,0,0,0,0,1,0,0
tafadzwa25,['Tafadzwa'],0,0,0,0,0,1,0,0
tafadzwa26,['Tafadzwa'],0,0,0,0,0,1,0,0
tafadzwa27,['Tafadzwa'],0,0,0,0,0,1,0,0
tafadzwa28,['Tafadzwa'],0,0,0,0,0,1,0,0
tafadzwa29,['Tafadzwa'],0,0,0,0,0,1,0,0
tafadzwa30,['Tafadzwa'],0,0,0,0,0,1,0,0
tafadzwa31,['Tafadzwa'],0,0,0,0,0,1,0,0
tafadzwa32,['Tafadzwa'],0,0,0,0,0,1,0,0
tafadzwa33,['Tafadzwa'],0,0,0,0,0,1,0,0
tafadzwa34,['Tafadzwa'],0,0,0,0,0,1,0,0
tafadzwa35,['Tafadzwa'],0,0,0,0,0,1,0,0
tafadzwa36,['Tafadzwa'],0,0,0,0,0,1,0,0
tafadzwa37,['Tafadzwa'],0,0,0,0,0,1,0,0
tafadzwa38,['Tafadzwa'],0,0,0,0,0,1,0,0
tafadzwa39,['Tafadzwa'],0,0,0,0,0,1,0,0
tafadzwa40,['Tafadzwa'],0,0,0,0,0,1,0,0
tafadzwa41,['Tafadzwa'],0,0,0,0,0,1,0,0
tafadzwa42,['Tafadzwa'],0,0,0,0,0,1,0,0
tafadzwa43,['Tafadzwa'],0,0,0,0,0,1,0,0
tafadzwa44,['Tafadzwa'],0,0,0,0,0,1,0,0
tafadzwa45,['Tafadzwa'],0,0,0,0,0,1,0,0
tafadzwa46,['Tafadzwa'],0,0,0,0,0,1,0,0
tafadzwa47,['Tafadzwa'],0,0,0,0,0,1,0,0
tafadzwa48,['Tafadzwa'],0,0,0,0,0,1,0,0
tafadzwa49,['Tafadzwa'],0,0,0,0,0,1,0,0
tafadzwa50,['Tafadzwa'],0,0,0,0,0,1,0,0
tafadzwa51,['Tafadzwa'],0,0,0,0,0,1,0,0
tafadzwa52,['Tafadzwa'],0,0,0,0,0,1,0,0
tafadzwa53,['Tafadzwa'],0,0,0,0,0,1,0,0
tafadzwa54,['Tafadzwa'],0,0,0,0,0,1,0,0
tafadzwa55,['Tafadzwa'],0,0,0,0,0,1,0,0
tafadzwa56,['Tafadzwa'],0,0,0,0,0,1,0,0
tafadzwa57,['Tafadzwa'],0,0,0,0,0,1,0,0
tafadzwa58,['Tafadzwa'],0,0,0,0,0,1,0,0
tafadzwa59,['Tafadzwa'],0,0,0,0,0,1,0,0
tafadzwa60,['Tafadzwa'],0,0,0,0,0,1,0,0
tafadzwa61,['Tafadzwa'],0,0,0,0,0,1,0,0
tafadzwa62,['Tafadzwa'],0,0,0,0,0,1,0,0
tafadzwa63,['Tafadzwa'],0,0,0,0,0,1,0,0
tafadzwa64,['Tafadzwa'],0,0,0,0,0,1,0,0
tafadzwa65,['Tafadzwa'],0,0,0,0,0,1,0,0
tafadzwa66,['Tafadzwa'],0,0,0,0,0,1,0,0
tafadzwa67,['Tafadzwa'],0,0,0,0,0,1,0,0
tafadzwa68,['Tafadzwa'],0,0,0,0,0,1,0,0
tafadzwa69,['Tafadzwa'],0,0,0,0,0,1,0,0
tafadzwa70,['Tafadzwa'],0,0,0,0,0,1,0,0
tafadzwa71,['Tafadzwa'],0,0,0,0,0,1,0,0
tafadzwa72,['Tafadzwa'],0,0,0,0,0,1,0,0
tafadzwa73,['Tafadzwa'],0,0,0,0,0,1,0,0
tafadzwa74,['Tafadzwa'],0,0,0,0,0,1,0,0
tafadzwa75,['Tafadzwa'],0,0,0,0,0,1,0,0
tafadzwa76,['Tafadzwa'],0,0,0,0,0,1,0,0
tafadzwa77,['Tafadzwa'],0,0,0,0,0,1,0,0
tafadzwa78,['Tafadzwa'],0,0,0,0,0,1,0,0
tafadzwa79,['Tafadzwa'],0,0,0,0,0,1,0,0
tafadzwa80,['Tafadzwa'],0,0,0,0,0,1,0,0
tafadzwa81,['Tafadzwa'],0,0,0,0,0,1,0,0
tafadzwa82,['Tafadzwa'],0,0,0,0,0,1,0,0
tafadzwa83,['Tafadzwa'],0,0,0,0,0,1,0,0
tafadzwa84,['Tafadzwa'],0,0,0,0,0,1,0,0
tafadzwa85,['Tafadzwa'],0,0,0,0,0,1,0,0
tafadzwa86,['Tafadzwa'],0,0,0,0,0,1,0,0
tafadzwa87,['Tafadzwa'],0,0,0,0,0,1,0,0
tafadzwa88,['Tafadzwa'],0,0,0,0,0,1,0,0
tafadzwa89,['Tafadzwa'],0,0,0,0,0,1,0,0
tafadzwa90,['Tafadzwa'],0,0,0,0,0,1,0,0
tafadzwa91,['Tafadzwa'],0,0,0,0,0,1,0,0
tafadzwa92,['Tafadzwa'],0,0,0,0,0,1,0,0
tafadzwa93,['Tafadzwa'],0,0,0,0,0,1,0,0
tafadzwa94,['Tafadzwa'],0,0,0,0,0,1,0,0
tafadzwa95,['Tafadzwa'],0,0,0,0,0,1,0,0
tinashe1,['Tinashe'],0,0,0,0,0,0,1,0
tinashe2,['Tinashe'],0,0,0,0,0,0,1,0
tinashe3,['Tinashe'],0,0,0,0,0,0,1,0
tinashe4,['Tinashe'],0,0,0,0,0,0,1,0
tinashe5,['Tinashe'],0,0,0,0,0,0,1,0
tinashe6,['Tinashe'],0,0,0,0,0,0,1,0
tinashe7,['Tinashe'],0,0,0,0,0,0,1,0
tinashe8,['Tinashe'],0,0,0,0,0,0,1,0
tinashe9,['Tinashe'],0,0,0,0,0,0,1,0
tinashe10,['Tinashe'],0,0,0,0,0,0,1,0
tinashe11,['Tinashe'],0,0,0,0,0,0,1,0
tinashe12,['Tinashe'],0,0,0,0,0,0,1,0
tinashe13,['Tinashe'],0,0,0,0,0,0,1,0
tinashe14,['Tinashe'],0,0,0,0,0,0,1,0
tinashe15,['Tinashe'],0,0,0,0,0,0,1,0
tinashe16,['Tinashe'],0,0,0,0,0,0,1,0
tinashe17,['Tinashe'],0,0,0,0,0,0,1,0
tinashe18,['Tinashe'],0,0,0,0,0,0,1,0
tinashe19,['Tinashe'],0,0,0,0,0,0,1,0
tinashe20,['Tinashe'],0,0,0,0,0,0,1,0
tinashe21,['Tinashe'],0,0,0,0,0,0,1,0
tinashe22,['Tinashe'],0,0,0,0,0,0,1,0
tinashe23,['Tinashe'],0,0,0,0,0,0,1,0
tinashe24,['Tinashe'],0,0,0,0,0,0,1,0
tinashe25,['Tinashe'],0,0,0,0,0,0,1,0
tinashe26,['Tinashe'],0,0,0,0,0,0,1,0
tinashe27,['Tinashe'],0,0,0,0,0,0,1,0
tinashe28,['Tinashe'],0,0,0,0,0,0,1,0
tinashe29,['Tinashe'],0,0,0,0,0,0,1,0
tinashe30,['Tinashe'],0,0,0,0,0,0,1,0
tinashe31,['Tinashe'],0,0,0,0,0,0,1,0
tinashe32,['Tinashe'],0,0,0,0,0,0,1,0
tinashe33,['Tinashe'],0,0,0,0,0,0,1,0
tinashe34,['Tinashe'],0,0,0,0,0,0,1,0
tinashe35,['Tinashe'],0,0,0,0,0,0,1,0
tinashe36,['Tinashe'],0,0,0,0,0,0,1,0
tinashe37,['Tinashe'],0,0,0,0,0,0,1,0
tinashe38,['Tinashe'],0,0,0,0,0,0,1,0
tinashe39,['Tinashe'],0,0,0,0,0,0,1,0
tinashe40,['Tinashe'],0,0,0,0,0,0,1,0
tinashe41,['Tinashe'],0,0,0,0,0,0,1,0
tinashe42,['Tinashe'],0,0,0,0,0,0,1,0
tinashe43,['Tinashe'],0,0,0,0,0,0,1,0
tinashe44,['Tinashe'],0,0,0,0,0,0,1,0
tinashe45,['Tinashe'],0,0,0,0,0,0,1,0
tinashe46,['Tinashe'],0,0,0,0,0,0,1,0
tinashe47,['Tinashe'],0,0,0,0,0,0,1,0
tinashe48,['Tinashe'],0,0,0,0,0,0,1,0
tinashe49,['Tinashe'],0,0,0,0,0,0,1,0
tinashe50,['Tinashe'],0,0,0,0,0,0,1,0
tinashe51,['Tinashe'],0,0,0,0,0,0,1,0
tinashe52,['Tinashe'],0,0,0,0,0,0,1,0
tinashe53,['Tinashe'],0,0,0,0,0,0,1,0
tinashe54,['Tinashe'],0,0,0,0,0,0,1,0
tinashe55,['Tinashe'],0,0,0,0,0,0,1,0
tinashe56,['Tinashe'],0,0,0,0,0,0,1,0
tinashe57,['Tinashe'],0,0,0,0,0,0,1,0
tinashe58,['Tinashe'],0,0,0,0,0,0,1,0
tinashe59,['Tinashe'],0,0,0,0,0,0,1,0
tinashe60,['Tinashe'],0,0,0,0,0,0,1,0
tinashe61,['Tinashe'],0,0,0,0,0,0,1,0
tinashe62,['Tinashe'],0,0,0,0,0,0,1,0
tinashe63,['Tinashe'],0,0,0,0,0,0,1,0
tinashe64,['Tinashe'],0,0,0,0,0,0,1,0
tinashe65,['Tinashe'],0,0,0,0,0,0,1,0
tinashe66,['Tinashe'],0,0,0,0,0,0,1,0
tinashe67,['Tinashe'],0,0,0,0,0,0,1,0
tinashe68,['Tinashe'],0,0,0,0,0,0,1,0
tinashe69,['Tinashe'],0,0,0,0,0,0,1,0
tinashe70,['Tinashe'],0,0,0,0,0,0,1,0
tinashe71,['Tinashe'],0,0,0,0,0,0,1,0
tinashe72,['Tinashe'],0,0,0,0,0,0,1,0
tinashe73,['Tinashe'],0,0,0,0,0,0,1,0
tinashe74,['Tinashe'],0,0,0,0,0,0,1,0
tinashe75,['Tinashe'],0,0,0,0,0,0,1,0
tinashe76,['Tinashe'],0,0,0,0,0,0,1,0
tinashe77,['Tinashe'],0,0,0,0,0,0,1,0
tinashe78,['Tinashe'],0,0,0,0,0,0,1,0
tinashe79,['Tinashe'],0,0,0,0,0,0,1,0
tinashe80,['Tinashe'],0,0,0,0,0,0,1,0
tinashe81,['Tinashe'],0,0,0,0,0,0,1,0
tinashe82,['Tinashe'],0,0,0,0,0,0,1,0
tinashe83,['Tinashe'],0,0,0,0,0,0,1,0
tinashe84,['Tinashe'],0,0,0,0,0,0,1,0
tinashe85,['Tinashe'],0,0,0,0,0,0,1,0
tinashe86,['Tinashe'],0,0,0,0,0,0,1,0
tinashe87,['Tinashe'],0,0,0,0,0,0,1,0
tinashe88,['Tinashe'],0,0,0,0,0,0,1,0
tinashe89,['Tinashe'],0,0,0,0,0,0,1,0
tinashe90,['Tinashe'],0,0,0,0,0,0,1,0
tinashe91,['Tinashe'],0,0,0,0,0,0,1,0
tinashe92,['Tinashe'],0,0,0,0,0,0,1,0
tinashe93,['Tinashe'],0,0,0,0,0,0,1,0
tinashe94,['Tinashe'],0,0,0,0,0,0,1,0
tinashe95,['Tinashe'],0,0,0,0,0,0,1,0
tinashe96,['Tinashe'],0,0,0,0,0,0,1,0
tinashe97,['Tinashe'],0,0,0,0,0,0,1,0
tinashe98,['Tinashe'],0,0,0,0,0,0,1,0
tinashe99,['Tinashe'],0,0,0,0,0,0,1,0
tinashe100,['Tinashe'],0,0,0,0,0,0,1,0
tinashe101,['Tinashe'],0,0,0,0,0,0,1,0
tinashe102,['Tinashe'],0,0,0,0,0,0,1,0
tinashe103,['Tinashe'],0,0,0,0,0,0,1,0
tinashe104,['Tinashe'],0,0,0,0,0,0,1,0
tinashe105,['Tinashe'],0,0,0,0,0,0,1,0
tinashe106,['Tinashe'],0,0,0,0,0,0,1,0
tinashe107,['Tinashe'],0,0,0,0,0,0,1,0
tinashe108,['Tinashe'],0,0,0,0,0,0,1,0
tinashe109,['Tinashe'],0,0,0,0,0,0,1,0
tinashe110,['Tinashe'],0,0,0,0,0,0,1,0
tinashe111,['Tinashe'],0,0,0,0,0,0,1,0
tinashe112,['Tinashe'],0,0,0,0,0,0,1,0
tinashe113,['Tinashe'],0,0,0,0,0,0,1,0
tinashe114,['Tinashe'],0,0,0,0,0,0,1,0
tinashe115,['Tinashe'],0,0,0,0,0,0,1,0
tinashe116,['Tinashe'],0,0,0,0,0,0,1,0
tinashe117,['Tinashe'],0,0,0,0,0,0,1,0
tinashe118,['Tinashe'],0,0,0,0,0,0,1,0
tinashe119,['Tinashe'],0,0,0,0,0,0,1,0
tinashe120,['Tinashe'],0,0,0,0,0,0,1,0
tinashe121,['Tinashe'],0,0,0,0,0,0,1,0
tinashe122,['Tinashe'],0,0,0,0,0,0,1,0
tinashe123,['Tinashe'],0,0,0,0,0,0,1,0
tinashe124,['Tinashe'],0,0,0,0,0,0,1,0
tinashe125,['Tinashe'],0,0,0,0,0,0,1,0
tinashe126,['Tinashe'],0,0,0,0,0,0,1,0
tinashe127,['Tinashe'],0,0,0,0,0,0,1,0
tinashe128,['Tinashe'],0,0,0,0,0,0,1,0
tinashe129,['Tinashe'],0,0,0,0,0,0,1,0
tinashe130,['Tinashe'],0,0,0,0,0,0,1,0
tinashe131,['Tinashe'],0,0,0,0,0,0,1,0
tinashe132,['Tinashe'],0,0,0,0,0,0,1,0
tinashe133,['Tinashe'],0,0,0,0,0,0,1,0
tinashe134,['Tinashe'],0,0,0,0,0,0,1,0
tinashe135,['Tinashe'],0,0,0,0,0,0,1,0
tinashe136,['Tinashe'],0,0,0,0,0,0,1,0
tinashe137,['Tinashe'],0,0,0,0,0,0,1,0
tinashe138,['Tinashe'],0,0,0,0,0,0,1,0
tinashe139,['Tinashe'],0,0,0,0,0,0,1,0
tinashe140,['Tinashe'],0,0,0,0,0,0,1,0
tinashe141,['Tinashe'],0,0,0,0,0,0,1,0
tinashe142,['Tinashe'],0,0,0,0,0,0,1,0
tinashe143,['Tinashe'],0,0,0,0,0,0,1,0
tinashe144,['Tinashe'],0,0,0,0,0,0,1,0
tinashe145,['Tinashe'],0,0,0,0,0,0,1,0
tinashe146,['Tinashe'],0,0,0,0,0,0,1,0
tinashe147,['Tinashe'],0,0,0,0,0,0,1,0
tinashe148,['Tinashe'],0,0,0,0,0,0,1,0
tinashe149,['Tinashe'],0,0,0,0,0,0,1,0
tinashe150,['Tinashe'],0,0,0,0,0,0,1,0
tinashe151,['Tinashe'],0,0,0,0,0,0,1,0
tinashe152,['Tinashe'],0,0,0,0,0,0,1,0
tinashe153,['Tinashe'],0,0,0,0,0,0,1,0
tinashe154,['Tinashe'],0,0,0,0,0,0,1,0
tinashe155,['Tinashe'],0,0,0,0,0,0,1,0
tinashe156,['Tinashe'],0,0,0,0,0,0,1,0
tinashe157,['Tinashe'],0,0,0,0,0,0,1,0
tinashe158,['Tinashe'],0,0,0,0,0,0,1,0
tinashe159,['Tinashe'],0,0,0,0,0,0,1,0
tinashe160,['Tinashe'],0,0,0,0,0,0,1,0
tinashe161,['Tinashe'],0,0,0,0,0,0,1,0
tinashe162,['Tinashe'],0,0,0,0,0,0,1,0
tinashe163,['Tinashe'],0,0,0,0,0,0,1,0
tinashe164,['Tinashe'],0,0,0,0,0,0,1,0
tinashe165,['Tinashe'],0,0,0,0,0,0,1,0
tinashe166,['Tinashe'],0,0,0,0,0,0,1,0
tinashe167,['Tinashe'],0,0,0,0,0,0,1,0
tinashe168,['Tinashe'],0,0,0,0,0,0,1,0
tinashe169,['Tinashe'],0,0,0,0,0,0,1,0
tinashe170,['Tinashe'],0,0,0,0,0,0,1,0
tinashe171,['Tinashe'],0,0,0,0,0,0,1,0
tinashe172,['Tinashe'],0,0,0,0,0,0,1,0
trevor1,['Trevor'],0,0,0,0,0,0,0,1
trevor2,['Trevor'],0,0,0,0,0,0,0,1
trevor3,['Trevor'],0,0,0,0,0,0,0,1
trevor4,['Trevor'],0,0,0,0,0,0,0,1
trevor5,['Trevor'],0,0,0,0,0,0,0,1
trevor6,['Trevor'],0,0,0,0,0,0,0,1
trevor7,['Trevor'],0,0,0,0,0,0,0,1
trevor8,['Trevor'],0,0,0,0,0,0,0,1
trevor9,['Trevor'],0,0,0,0,0,0,0,1
trevor10,['Trevor'],0,0,0,0,0,0,0,1
trevor11,['Trevor'],0,0,0,0,0,0,0,1
trevor12,['Trevor'],0,0,0,0,0,0,0,1
trevor13,['Trevor'],0,0,0,0,0,0,0,1
trevor14,['Trevor'],0,0,0,0,0,0,0,1
trevor15,['Trevor'],0,0,0,0,0,0,0,1
trevor16,['Trevor'],0,0,0,0,0,0,0,1
trevor17,['Trevor'],0,0,0,0,0,0,0,1
trevor18,['Trevor'],0,0,0,0,0,0,0,1
trevor19,['Trevor'],0,0,0,0,0,0,0,1
trevor20,['Trevor'],0,0,0,0,0,0,0,1
trevor21,['Trevor'],0,0,0,0,0,0,0,1
trevor22,['Trevor'],0,0,0,0,0,0,0,1
trevor23,['Trevor'],0,0,0,0,0,0,0,1
trevor24,['Trevor'],0,0,0,0,0,0,0,1
trevor25,['Trevor'],0,0,0,0,0,0,0,1
trevor26,['Trevor'],0,0,0,0,0,0,0,1
trevor27,['Trevor'],0,0,0,0,0,0,0,1
trevor28,['Trevor'],0,0,0,0,0,0,0,1
trevor29,['Trevor'],0,0,0,0,0,0,0,1
trevor30,['Trevor'],0,0,0,0,0,0,0,1
trevor31,['Trevor'],0,0,0,0,0,0,0,1
trevor32,['Trevor'],0,0,0,0,0,0,0,1
trevor33,['Trevor'],0,0,0,0,0,0,0,1
trevor34,['Trevor'],0,0,0,0,0,0,0,1
trevor35,['Trevor'],0,0,0,0,0,0,0,1
trevor36,['Trevor'],0,0,0,0,0,0,0,1
trevor37,['Trevor'],0,0,0,0,0,0,0,1
trevor38,['Trevor'],0,0,0,0,0,0,0,1
trevor39,['Trevor'],0,0,0,0,0,0,0,1
trevor40,['Trevor'],0,0,0,0,0,0,0,1
trevor41,['Trevor'],0,0,0,0,0,0,0,1
trevor42,['Trevor'],0,0,0,0,0,0,0,1
trevor43,['Trevor'],0,0,0,0,0,0,0,1
trevor44,['Trevor'],0,0,0,0,0,0,0,1
trevor45,['Trevor'],0,0,0,0,0,0,0,1
trevor46,['Trevor'],0,0,0,0,0,0,0,1
trevor47,['Trevor'],0,0,0,0,0,0,0,1
trevor48,['Trevor'],0,0,0,0,0,0,0,1
trevor49,['Trevor'],0,0,0,0,0,0,0,1
trevor50,['Trevor'],0,0,0,0,0,0,0,1
trevor51,['Trevor'],0,0,0,0,0,0,0,1
trevor52,['Trevor'],0,0,0,0,0,0,0,1
trevor53,['Trevor'],0,0,0,0,0,0,0,1
trevor54,['Trevor'],0,0,0,0,0,0,0,1
trevor55,['Trevor'],0,0,0,0,0,0,0,1
trevor56,['Trevor'],0,0,0,0,0,0,0,1
trevor57,['Trevor'],0,0,0,0,0,0,0,1
trevor58,['Trevor'],0,0,0,0,0,0,0,1
trevor59,['Trevor'],0,0,0,0,0,0,0,1
trevor60,['Trevor'],0,0,0,0,0,0,0,1
trevor61,['Trevor'],0,0,0,0,0,0,0,1
trevor62,['Trevor'],0,0,0,0,0,0,0,1
trevor63,['Trevor'],0,0,0,0,0,0,0,1
trevor64,['Trevor'],0,0,0,0,0,0,0,1
trevor65,['Trevor'],0,0,0,0,0,0,0,1
trevor66,['Trevor'],0,0,0,0,0,0,0,1
trevor67,['Trevor'],0,0,0,0,0,0,0,1
trevor68,['Trevor'],0,0,0,0,0,0,0,1
trevor69,['Trevor'],0,0,0,0,0,0,0,1
trevor70,['Trevor'],0,0,0,0,0,0,0,1
trevor71,['Trevor'],0,0,0,0,0,0,0,1
trevor72,['Trevor'],0,0,0,0,0,0,0,1
trevor73,['Trevor'],0,0,0,0,0,0,0,1
trevor74,['Trevor'],0,0,0,0,0,0,0,1
trevor75,['Trevor'],0,0,0,0,0,0,0,1
trevor76,['Trevor'],0,0,0,0,0,0,0,1
trevor77,['Trevor'],0,0,0,0,0,0,0,1
trevor78,['Trevor'],0,0,0,0,0,0,0,1
trevor79,['Trevor'],0,0,0,0,0,0,0,1
trevor80,['Trevor'],0,0,0,0,0,0,0,1
trevor81,['Trevor'],0,0,0,0,0,0,0,1
trevor82,['Trevor'],0,0,0,0,0,0,0,1
trevor83,['Trevor'],0,0,0,0,0,0,0,1
trevor84,['Trevor'],0,0,0,0,0,0,0,1
trevor85,['Trevor'],0,0,0,0,0,0,0,1
trevor86,['Trevor'],0,0,0,0,0,0,0,1
trevor87,['Trevor'],0,0,0,0,0,0,0,1
trevor88,['Trevor'],0,0,0,0,0,0,0,1
trevor89,['Trevor'],0,0,0,0,0,0,0,1
trevor90,['Trevor'],0,0,0,0,0,0,0,1
trevor91,['Trevor'],0,0,0,0,0,0,0,1
trevor92,['Trevor'],0,0,0,0,0,0,0,1
trevor93,['Trevor'],0,0,0,0,0,0,0,1
trevor94,['Trevor'],0,0,0,0,0,0,0,1
trevor95,['Trevor'],0,0,0,0,0,0,0,1
trevor96,['Trevor'],0,0,0,0,0,0,0,1
trevor97,['Trevor'],0,0,0,0,0,0,0,1
trevor98,['Trevor'],0,0,0,0,0,0,0,1
trevor99,['Trevor'],0,0,0,0,0,0,0,1
trevor100,['Trevor'],0,0,0,0,0,0,0,1
trevor101,['Trevor'],0,0,0,0,0,0,0,1
trevor102,['Trevor'],0,0,0,0,0,0,0,1
trevor103,['Trevor'],0,0,0,0,0,0,0,1
trevor104,['Trevor'],0,0,0,0,0,0,0,1
trevor105,['Trevor'],0,0,0,0,0,0,0,1
trevor106,['Trevor'],0,0,0,0,0,0,0,1
trevor107,['Trevor'],0,0,0,0,0,0,0,1
trevor108,['Trevor'],0,0,0,0,0,0,0,1
trevor109,['Trevor'],0,0,0,0,0,0,0,1
trevor110,['Trevor'],0,0,0,0,0,0,0,1
trevor111,['Trevor'],0,0,0,0,0,0,0,1
trevor112,['Trevor'],0,0,0,0,0,0,0,1
trevor113,['Trevor'],0,0,0,0,0,0,0,1
trevor114,['Trevor'],0,0,0,0,0,0,0,1
trevor115,['Trevor'],0,0,0,0,0,0,0,1
trevor116,['Trevor'],0,0,0,0,0,0,0,1
trevor117,['Trevor'],0,0,0,0,0,0,0,1
trevor118,['Trevor'],0,0,0,0,0,0,0,1
trevor119,['Trevor'],0,0,0,0,0,0,0,1
trevor120,['Trevor'],0,0,0,0,0,0,0,1
trevor121,['Trevor'],0,0,0,0,0,0,0,1
trevor122,['Trevor'],0,0,0,0,0,0,0,1
trevor123,['Trevor'],0,0,0,0,0,0,0,1
trevor124,['Trevor'],0,0,0,0,0,0,0,1
trevor125,['Trevor'],0,0,0,0,0,0,0,1
trevor126,['Trevor'],0,0,0,0,0,0,0,1
trevor127,['Trevor'],0,0,0,0,0,0,0,1
trevor128,['Trevor'],0,0,0,0,0,0,0,1
trevor129,['Trevor'],0,0,0,0,0,0,0,1
trevor130,['Trevor'],0,0,0,0,0,0,0,1
trevor131,['Trevor'],0,0,0,0,0,0,0,1
trevor132,['Trevor'],0,0,0,0,0,0,0,1
trevor133,['Trevor'],0,0,0,0,0,0,0,1
trevor134,['Trevor'],0,0,0,0,0,0,0,1
trevor135,['Trevor'],0,0,0,0,0,0,0,1
trevor136,['Trevor'],0,0,0,0,0,0,0,1
trevor137,['Trevor'],0,0,0,0,0,0,0,1
trevor138,['Trevor'],0,0,0,0,0,0,0,1
trevor139,['Trevor'],0,0,0,0,0,0,0,1
trevor140,['Trevor'],0,0,0,0,0,0,0,1
trevor141,['Trevor'],0,0,0,0,0,0,0,1
trevor142,['Trevor'],0,0,0,0,0,0,0,1
trevor143,['Trevor'],0,0,0,0,0,0,0,1
trevor144,['Trevor'],0,0,0,0,0,0,0,1
trevor145,['Trevor'],0,0,0,0,0,0,0,1
trevor146,['Trevor'],0,0,0,0,0,0,0,1
trevor147,['Trevor'],0,0,0,0,0,0,0,1
trevor148,['Trevor'],0,0,0,0,0,0,0,1
trevor149,['Trevor'],0,0,0,0,0,0,0,1
trevor150,['Trevor'],0,0,0,0,0,0,0,1
trevor151,['Trevor'],0,0,0,0,0,0,0,1
trevor152,['Trevor'],0,0,0,0,0,0,0,1
trevor153,['Trevor'],0,0,0,0,0,0,0,1
trevor154,['Trevor'],0,0,0,0,0,0,0,1
trevor155,['Trevor'],0,0,0,0,0,0,0,1
trevor156,['Trevor'],0,0,0,0,0,0,0,1
trevor157,['Trevor'],0,0,0,0,0,0,0,1
trevor158,['Trevor'],0,0,0,0,0,0,0,1
trevor159,['Trevor'],0,0,0,0,0,0,0,1
trevor160,['Trevor'],0,0,0,0,0,0,0,1
trevor161,['Trevor'],0,0,0,0,0,0,0,1
trevor162,['Trevor'],0,0,0,0,0,0,0,1
trevor163,['Trevor'],0,0,0,0,0,0,0,1
trevor164,['Trevor'],0,0,0,0,0,0,0,1
trevor165,['Trevor'],0,0,0,0,0,0,0,1
trevor166,['Trevor'],0,0,0,0,0,0,0,1
trevor167,['Trevor'],0,0,0,0,0,0,0,1
trevor168,['Trevor'],0,0,0,0,0,0,0,1
trevor169,['Trevor'],0,0,0,0,0,0,0,1
trevor170,['Trevor'],0,0,0,0,0,0,0,1
trevor171,['Trevor'],0,0,0,0,0,0,0,1
trevor172,['Trevor'],0,0,0,0,0,0,0,1
trevor173,['Trevor'],0,0,0,0,0,0,0,1
trevor174,['Trevor'],0,0,0,0,0,0,0,1
trevor175,['Trevor'],0,0,0,0,0,0,0,1
trevor176,['Trevor'],0,0,0,0,0,0,0,1
trevor177,['Trevor'],0,0,0,0,0,0,0,1
trevor178,['Trevor'],0,0,0,0,0,0,0,1
trevor179,['Trevor'],0,0,0,0,0,0,0,1
trevor180,['Trevor'],0,0,0,0,0,0,0,1
trevor181,['Trevor'],0,0,0,0,0,0,0,1
trevor182,['Trevor'],0,0,0,0,0,0,0,1
trevor183,['Trevor'],0,0,0,0,0,0,0,1
trevor184,['Trevor'],0,0,0,0,0,0,0,1
trevor185,['Trevor'],0,0,0,0,0,0,0,1
trevor186,['Trevor'],0,0,0,0,0,0,0,1
trevor187,['Trevor'],0,0,0,0,0,0,0,1
trevor188,['Trevor'],0,0,0,0,0,0,0,1
trevor189,['Trevor'],0,0,0,0,0,0,0,1
trevor190,['Trevor'],0,0,0,0,0,0,0,1
trevor191,['Trevor'],0,0,0,0,0,0,0,1
trevor192,['Trevor'],0,0,0,0,0,0,0,1
trevor193,['Trevor'],0,0,0,0,0,0,0,1
trevor194,['Trevor'],0,0,0,0,0,0,0,1
trevor195,['Trevor'],0,0,0,0,0,0,0,1
trevor196,['Trevor'],0,0,0,0,0,0,0,1
trevor197,['Trevor'],0,0,0,0,0,0,0,1
trevor198,['Trevor'],0,0,0,0,0,0,0,1
trevor199,['Trevor'],0,0,0,0,0,0,0,1
trevor200,['Trevor'],0,0,0,0,0,0,0,1
trevor201,['Trevor'],0,0,0,0,0,0,0,1
trevor202,['Trevor'],0,0,0,0,0,0,0,1
trevor203,['Trevor'],0,0,0,0,0,0,0,1
trevor204,['Trevor'],0,0,0,0,0,0,0,1
trevor205,['Trevor'],0,0,0,0,0,0,0,1
trevor206,['Trevor'],0,0,0,0,0,0,0,1
trevor207,['Trevor'],0,0,0,0,0,0,0,1
trevor208,['Trevor'],0,0,0,0,0,0,0,1
trevor209,['Trevor'],0,0,0,0,0,0,0,1
trevor210,['Trevor'],0,0,0,0,0,0,0,1
trevor211,['Trevor'],0,0,0,0,0,0,0,1
trevor212,['Trevor'],0,0,0,0,0,0,0,1
trevor213,['Trevor'],0,0,0,0,0,0,0,1
trevor214,['Trevor'],0,0,0,0,0,0,0,1
trevor215,['Trevor'],0,0,0,0,0,0,0,1
trevor216,['Trevor'],0,0,0,0,0,0,0,1
trevor217,['Trevor'],0,0,0,0,0,0,0,1
trevor218,['Trevor'],0,0,0,0,0,0,0,1
trevor219,['Trevor'],0,0,0,0,0,0,0,1
trevor220,['Trevor'],0,0,0,0,0,0,0,1
trevor221,['Trevor'],0,0,0,0,0,0,0,1
trevor222,['Trevor'],0,0,0,0,0,0,0,1
trevor223,['Trevor'],0,0,0,0,0,0,0,1
trevor224,['Trevor'],0,0,0,0,0,0,0,1
trevor225,['Trevor'],0,0,0,0,0,0,0,1
trevor226,['Trevor'],0,0,0,0,0,0,0,1
trevor227,['Trevor'],0,0,0,0,0,0,0,1
trevor228,['Trevor'],0,0,0,0,0,0,0,1
trevor229,['Trevor'],0,0,0,0,0,0,0,1
trevor230,['Trevor'],0,0,0,0,0,0,0,1
trevor231,['Trevor'],0,0,0,0,0,0,0,1
trevor232,['Trevor'],0,0,0,0,0,0,0,1
trevor233,['Trevor'],0,0,0,0,0,0,0,1
trevor234,['Trevor'],0,0,0,0,0,0,0,1
trevor235,['Trevor'],0,0,0,0,0,0,0,1
trevor236,['Trevor'],0,0,0,0,0,0,0,1
trevor237,['Trevor'],0,0,0,0,0,0,0,1
trevor238,['Trevor'],0,0,0,0,0,0,0,1
trevor239,['Trevor'],0,0,0,0,0,0,0,1
trevor240,['Trevor'],0,0,0,0,0,0,0,1
trevor241,['Trevor'],0,0,0,0,0,0,0,1
trevor242,['Trevor'],0,0,0,0,0,0,0,1
trevor243,['Trevor'],0,0,0,0,0,0,0,1
trevor244,['Trevor'],0,0,0,0,0,0,0,1
trevor245,['Trevor'],0,0,0,0,0,0,0,1
trevor246,['Trevor'],0,0,0,0,0,0,0,1
trevor247,['Trevor'],0,0,0,0,0,0,0,1
trevor248,['Trevor'],0,0,0,0,0,0,0,1
trevor249,['Trevor'],0,0,0,0,0,0,0,1
trevor250,['Trevor'],0,0,0,0,0,0,0,1
trevor251,['Trevor'],0,0,0,0,0,0,0,1
trevor252,['Trevor'],0,0,0,0,0,0,0,1
trevor253,['Trevor'],0,0,0,0,0,0,0,1
trevor254,['Trevor'],0,0,0,0,0,0,0,1
trevor255,['Trevor'],0,0,0,0,0,0,0,1
trevor256,['Trevor'],0,0,0,0,0,0,0,1
trevor257,['Trevor'],0,0,0,0,0,0,0,1
trevor258,['Trevor'],0,0,0,0,0,0,0,1
trevor259,['Trevor'],0,0,0,0,0,0,0,1
trevor260,['Trevor'],0,0,0,0,0,0,0,1
trevor261,['Trevor'],0,0,0,0,0,0,0,1
trevor262,['Trevor'],0,0,0,0,0,0,0,1
trevor263,['Trevor'],0,0,0,0,0,0,0,1
trevor264,['Trevor'],0,0,0,0,0,0,0,1
